match_num,group,date,team1,team2,score1,score2,yellow1,red1,yellow2,red2
1,A,11 Jun,Mexico,Sudafrica,2,0,1,1,2,2
2,A,11 Jun,Corea del Sur,Republica Checa,2,1,1,0,0,0
3,B,12 Jun,Canada,Bosnia y Herzegovina,1,1,2,0,3,0
4,D,12 Jun,Estados Unidos,Paraguay,4,1,1,0,5,0
5,C,13 Jun,Haiti,Escocia,0,1,1,0,3,0
6,D,13 Jun,Australia,Turquia,2,0,0,0,1,0
7,C,13 Jun,Brasil,Marruecos,1,1,2,0,0,0
8,B,13 Jun,Catar,Suiza,1,1,2,0,1,0
9,E,14 Jun,Alemania,Curazao,7,1,0,0,0,0
10,E,14 Jun,Costa de Marfil,Ecuador,1,0,3,0,1,0
11,F,14 Jun,Paises Bajos,Japon,2,2,3,0,0,0
12,F,14 Jun,Suecia,Tunez,5,1,0,0,1,0
13,H,15 Jun,Arabia Saudita,Uruguay,1,1,1,0,0,0
14,H,15 Jun,Espana,Cabo Verde,0,0,1,0,1,0
15,G,15 Jun,Iran,Nueva Zelanda,2,2,1,0,0,0
16,G,15 Jun,Belgica,Egipto,1,1,2,0,2,0
17,I,16 Jun,Francia,Senegal,3,1,0,0,0,0
18,I,16 Jun,Irak,Noruega,1,4,1,0,0,0
19,J,16 Jun,Argentina,Argelia,3,0,0,0,0,0 
20,J,16 Jun,Austria,Jordania,3,1,1,0,0,0
21,L,17 Jun,Ghana,Panama,1,0,1,0,2,0
22,L,17 Jun,Inglaterra,Croacia,4,2,0,0,0,0
23,K,17 Jun,Portugal,R. D. del Congo,1,1,3,0,1,0
24,K,17 Jun,Uzbekistan,Colombia,1,3,1,0,1,0
25,A,18 Jun,Republica Checa,Sudafrica,1,1,1,0,2,0
26,B,18 Jun,Suiza,Bosnia y Herzegovina,4,1,1,0,2,1
27,B,18 Jun,Canada,Catar,6,0,1,0,1,2
28,A,18 Jun,Mexico,Corea del Sur,1,0,0,0,2,0
29,C,19 Jun,Brasil,Haiti,3,0,1,0,3,0
30,C,19 Jun,Escocia,Marruecos,0,1,1,0,1,0
31,D,19 Jun,Turquia,Paraguay,0,1,1,0,1,1
32,D,19 Jun,Estados Unidos,Australia,2,0,3,0,4,0
33,E,20 Jun,Alemania,Costa de Marfil,2,1,0,0,0,0
34,E,20 Jun,Ecuador,Curazao,0,0,1,0,5,0
35,F,20 Jun,Paises Bajos,Suecia,5,1,0,0,3,0
36,F,20 Jun,Tunez,Japon,0,4,0,0,0,0
37,H,21 Jun,Uruguay,Cabo Verde,2,2,2,0,2,0
38,H,21 Jun,Espana,Arabia Saudita,4,0,0,0,2,0 
39,G,21 Jun,Belgica,Iran,0,0,1,1,1,0
40,G,21 Jun,Nueva Zelanda,Egipto,1,3,2,0,1,0
41,I,22 Jun,Noruega,Senegal,3,2,0,0,0,0
42,I,22 Jun,Francia,Irak,3,0,0,0,1,0
43,J,22 Jun,Argentina,Austria,2,0,2,0,2,0
44,J,22 Jun,Jordania,Argelia,1,2,1,0,1,0
45,L,23 Jun,Inglaterra,Ghana,0,0,1,0,1,0
46,L,23 Jun,Panama,Croacia,0,1,1,0,1,0
47,K,23 Jun,Portugal,Uzbekistan,5,0,1,0,1,0
48,K,23 Jun,Colombia,R. D. del Congo,1,0,2,0,1,0
49,C,24 Jun,Brasil,Escocia,3,0,2,0,1,0
50,C,24 Jun,Marruecos,Haiti,4,2,0,0,3,0
51,B,24 Jun,Suiza,Canada,2,1,1,0,2,0
52,B,24 Jun,Bosnia y Herzegovina,Catar,3,1,1,0,1,0
53,A,24 Jun,Republica Checa,Mexico,0,3,0,0,1,0
54,A,24 Jun,Sudafrica,Corea del Sur,1,0,1,0,1,0
55,E,25 Jun,Curazao,Costa de Marfil,0,2,2,0,1,0
56,E,25 Jun,Ecuador,Alemania,2,1,3,0,1,0
57,F,25 Jun,Japon,Suecia,1,1,1,0,2,0
58,F,25 Jun,Tunez,Paises Bajos,1,3,0,0,0,0
59,D,25 Jun,Turquia,Estados Unidos,3,2,0,0,1,0
60,D,25 Jun,Paraguay,Australia,0,0,1,0,1,0
61,I,26 Jun,Noruega,Francia,1,4,1,0,1,0
62,I,26 Jun,Senegal,Irak,5,0,2,0,2,1
63,G,26 Jun,Egipto,Iran,1,1,4,0,5,0
64,G,26 Jun,Nueva Zelanda,Belgica,1,5,2,0,0,0
65,H,26 Jun,Cabo Verde,Arabia Saudita,0,0,1,0,3,0
66,H,26 Jun,Uruguay,Espana,0,1,3,1,1,0
67,L,27 Jun,Panama,Inglaterra,0,2,2,0,1,0
68,L,27 Jun,Croacia,Ghana,2,1,1,0,1,0
69,J,27 Jun,Argelia,Austria,3,3,0,0,1,0
70,J,27 Jun,Jordania,Argentina,1,3,2,0,0,0
71,K,27 Jun,Colombia,Portugal,0,0,1,0,0,0
72,K,27 Jun,R. D. del Congo,Uzbekistan,3,1,3,0,2,0
73,1o GRUPO,,Primero del Grupo A,Mexico,,,,,,
74,2o GRUPO,,Segundo del Grupo A,Sudafrica,,,,,,
75,1o GRUPO,,Primero del Grupo B,Suiza,,,,,,
76,2o GRUPO,,Segundo del Grupo B,Canada,,,,,,
77,1o GRUPO,,Primero del Grupo C,Brasil,,,,,,
78,2o GRUPO,,Segundo del Grupo C,Marruecos,,,,,,
79,1o GRUPO,,Primero del Grupo D,Estados Unidos,,,,,,
80,2o GRUPO,,Segundo del Grupo D,Australia,,,,,,
81,1o GRUPO,,Primero del Grupo E,Alemania,,,,,,
82,2o GRUPO,,Segundo del Grupo E,Costa de Marfil,,,,,,
83,1o GRUPO,,Primero del Grupo F,Paises Bajos,,,,,,
84,2o GRUPO,,Segundo del Grupo F,Japon,,,,,,
85,1o GRUPO,,Primero del Grupo G,Belgica,,,,,,
86,2o GRUPO,,Segundo del Grupo G,Egipto,,,,,,
87,1o GRUPO,,Primero del Grupo H,Espana,,,,,,
88,2o GRUPO,,Segundo del Grupo H,Cabo Verde,,,,,,
89,1o GRUPO,,Primero del Grupo I,Francia,,,,,,
90,2o GRUPO,,Segundo del Grupo I,Noruega,,,,,,
91,1o GRUPO,,Primero del Grupo J,Argentina,,,,,,
92,2o GRUPO,,Segundo del Grupo J,Austria,,,,,,
93,1o GRUPO,,Primero del Grupo K,Colombia,,,,,,
94,2o GRUPO,,Segundo del Grupo K,Portugal,,,,,,
95,1o GRUPO,,Primero del Grupo L,Inglaterra,,,,,,
96,2o GRUPO,,Segundo del Grupo L,Croacia,,,,,,
97,MEJOR 3o,,Tercer clasificado 1,R. D. del Congo,,,,,,
98,MEJOR 3o,,Tercer clasificado 2,Suecia,,,,,,
99,MEJOR 3o,,Tercer clasificado 3,Ghana,,,,,,
100,MEJOR 3o,,Tercer clasificado 4,Ecuador,,,,,,
101,MEJOR 3o,,Tercer clasificado 5,Bosnia y Herzegovina,,,,,,
102,MEJOR 3o,,Tercer clasificado 6,Argelia,,,,,,
103,MEJOR 3o,,Tercer clasificado 7,Paraguay,,,,,,
104,MEJOR 3o,,Tercer clasificado 8,Senegal,,,,,,
105,16AVOS,,Sudafrica,Canada,0,1,Canada,,,
106,16AVOS,,Brasil,Japon,2,1,Brasil,,,
107,16AVOS,,Alemania,Paraguay,1,1,Paraguay,,,
108,16AVOS,,Paises Bajos,Marruecos,1,1,Marruecos,,,
109,16AVOS,,Costa de Marfil,Noruega,1,2,Noruega,,,
110,16AVOS,,Francia,Suecia,3,0,Francia,,,
111,16AVOS,,Mexico,Ecuador,2,0,Mexico,,,
112,16AVOS,,Inglaterra,R. D. del Congo,2,1,Inglaterra,,,
113,16AVOS,,Belgica,Senegal,3,2,Belgica,,,
114,16AVOS,,Estados Unidos,Bosnia y Herzegovina,2,0,Estados Unidos,,,
115,16AVOS,,Espana,Austria,3,0,Espana,,,
116,16AVOS,,Portugal,Croacia,2,1,Portugal,,,
117,16AVOS,,Suiza,Argelia,2,0,Suiza,,,
118,16AVOS,,Australia,Egipto,1,1,Egipto,,,
119,16AVOS,,Argentina,Cabo Verde,3,2,Argentina,,,
120,16AVOS,,Colombia,Ghana,1,0,Colombia,,,
121,OCTAVOS,,Canada,Marruecos,0,3,Marruecos,,,
122,OCTAVOS,,Paraguay,Francia,0,1,Francia,,,
123,OCTAVOS,,Brasil,Noruega,1,2,Noruega,,,
124,OCTAVOS,,Mexico,Inglaterra,2,3,Inglaterra,,,
125,OCTAVOS,,Portugal,Espana,0,1,Espana,,,
126,OCTAVOS,,Estados Unidos,Belgica,1,4,Belgica,,,
127,OCTAVOS,,Argentina,Egipto,3,2,Argentina,,,
128,OCTAVOS,,Suiza,Colombia,0,0,Suiza,,,
129,CUARTOS,,Francia,Marruecos,1,0,Francia,,,
130,CUARTOS,,Espana,Belgica,,,,,,
131,CUARTOS,,Noruega,Inglaterra,,,,,,
132,CUARTOS,,Argentina,Suiza,,,,,,
133,SEMIFINAL,,Ganador P129 vs Ganador P130,,,,,,,
134,SEMIFINAL,,Ganador P131 vs Ganador P132,,,,,,,
135,3er PUESTO,,Perdedor P133 vs Perdedor P134,,,,,,,
136,FINAL,,Ganador P133 vs Ganador P134,,,,,,,
137,PODIO,,CAMPEON,,,,,,,
138,PODIO,,SUBCAMPEON,,,,,,,
139,PODIO,,TERCER LUGAR,,,,,,,
140,BONUS,,Maximo goleador (Bota de Oro),,,,,,,
141,BONUS,,Mejor portero (Guante de Oro),,,,,,,
142,BONUS,,Mejor jugador (Balon de Oro),,,,,,,
143,BONUS,,Mejor jugador joven (sub-21),,,,,,,
144,BONUS,,Seleccion FAIR PLAY,,,,,,,
